Mikel Arteta,0,0
Héctor Bellerín,0,1
Joel Campbell,1,0
Santi Cazorla,0,3
Petr Cech,0,0
Calum Chambers,0,0
Francis Coquelin,0,0
Mathieu Debuchy,0,0
Mathieu Flamini,0,0
Gabriel,0,0
Kieran Gibbs,1,0
Olivier Giroud,6,0
Alex Iwobi,0,0
Laurent Koscielny,2,0
Per Mertesacker,0,0
Nacho Monreal,0,2
Alex Oxlade-Chamberlain,0,0
Mesut Ozil,1,10
Aaron Ramsey,1,0
Alexis Sánchez,6,0
Theo Walcott,2,2
Gabriel Agbonlahor,0,2
Jordan Amavi,0,2
Jordan Ayew,2,0
Leandro Bacuna,0,0
Ciaran Clark,0,0
José Crespo,0,0
Rudy Gestede,3,0
Carles Gil,1,0
Jack Grealish,1,0
Idrissa Gueye,0,0
Brad Guzan,0,0
Alan Hutton,0,1
Joleon Lescott,0,0
Charles N'Zogbia,0,0
Micah Richards,0,1
Kieran Richardson,0,0
Carlos Sánchez,0,0
Scott Sinclair,2,0
Adama Traoré,0,0
Jordan Veretout,0,0
Ashley Westwood,0,1
César Azpilicueta,1,0
Asmir Begovic,0,0
Gary Cahill,1,0
Diego Costa,2,1
Thibaut Courtois,0,0
Juan Cuadrado,0,0
Cesc Fàbregas,0,1
Radamel Falcao,1,0
Eden Hazard,0,2
Branislav Ivanovic,0,0
Kenedy,0,0
Ruben Loftus-Cheek,0,0
Nemanja Matic,1,0
John Obi Mikel,0,1
Oscar,1,0
Pedro,1,2
Baba Rahman,0,0
Ramires,2,0
Loïc Remy,0,0
John Terry,0,0
Willian,2,1
Kurt Zouma,1,1
Patrick Bamford,0,0
Yannick Bolasie,2,0
Yohan Cabaye,4,1
Fraizer Campbell,0,0
Scott Dann,2,1
Damien Delaney,1,0
Dwight Gayle,0,0
Brede Hangeland,0,0
Wayne Hennessey,0,0
Mile Jedinak,0,0
Martin Kelly,0,0
Joe Ledley,0,0
Chung-Young Lee,0,0
Adrian Mariappa,0,0
James McArthur,0,2
Alex McCarthy,0,0
Glenn Murray,0,0
Jordon Mutch,0,0
Jason Puncheon,0,2
Bakary Sako,2,1
Pape Souaré,0,1
Joel Ward,2,0
Connor Wickham,0,0
Wilfried Zaha,1,0
Ross Barkley,3,3
Gareth Barry,0,0
Muhamed Besic,0,0
Tyias Browning,0,0
Tom Cleverley,0,0
Seamus Coleman,0,1
Gerard Deulofeu,1,5
Ramiro Funes Mori,0,0
Brendan Galloway,0,1
Darron Gibson,0,0
Tim Howard,0,0
Phil Jagielka,0,0
Arouna Koné,5,3
Aaron Lennon,0,0
Romelu Lukaku,7,4
James McCarthy,0,1
Kevin Mirallas,0,0
Steven Naismith,3,0
Leon Osman,0,0
Bryan Oviedo,0,0
John Stones,0,0
Marc Albrighton,1,4
Yohan Benalouane,0,0
Ritchie De Laet,1,0
Joe Dodoo,0,0
Daniel Drinkwater,0,3
Nathan Dyer,1,1
Christian Fuchs,0,0
Robert Huth,0,0
Gokhan Inler,0,0
N'Golo Kante,1,1
Andy King,0,0
Andrej Kramaric,0,0
Riyad Mahrez,7,5
Wes Morgan,0,0
Shinji Okazaki,1,0
Jeff Schlupp,1,0
Kasper Schmeichel,0,0
Danny Simpson,0,0
Leonardo Ulloa,0,1
Jamie Vardy,12,1
Joe Allen,0,0
Christian Benteke,4,1
Emre Can,0,0
Nathaniel Clyne,0,0
Philippe Coutinho,4,2
Roberto Firmino,0,1
Joe Gomez,0,1
Jordan Henderson,0,1
Jordon Ibe,0,1
Danny Ings,2,0
Adam Lallana,0,1
Dejan Lovren,0,0
Lucas Leiva,0,0
Simon Mignolet,0,0
James Milner,1,3
Alberto Moreno,0,1
Divock Origi,0,0
Jordan Rossiter,0,0
Mamadou Sakho,0,0
Martin Skrtel,0,0
Daniel Sturridge,2,0
Sergio Agüero,6,1
Wilfried Bony,2,2
Willy Caballero,0,0
Kevin De Bruyne,3,4
Fabian Delph,0,0
Martín Demichelis,0,0
Fernandinho,2,1
Fernando,0,0
Joe Hart,0,0
Kelechi Iheanacho,1,0
Aleksandar Kolarov,1,0
Vincent Kompany,2,0
Eliaquim Mangala,0,0
Samir Nasri,1,0
Jesús Navas,0,2
Nicolás Otamendi,1,0
Patrick Roberts,0,0
Bacary Sagna,0,1
David Silva,1,6
Raheem Sterling,4,1
Yaya Touré,2,4
Pablo Zabaleta,0,0
Daley Blind,1,0
Cameron Borthwick-Jackson,0,0
Michael Carrick,0,0
Matteo Darmian,0,0
David De Gea,0,0
Marouane Fellaini,0,0
Chicharito Hernández,0,0
Ander Herrera,2,1
Adnan Januzaj,1,0
Phil Jones,0,0
Jesse Lingard,1,0
Anthony Martial,3,1
Juan Mata,4,3
Paddy McNair,0,0
Memphis,1,0
Marcos Rojo,0,1
Sergio Romero,0,0
Wayne Rooney,2,0
Morgan Schneiderlin,1,0
Bastian Schweinsteiger,0,0
Luke Shaw,0,1
Chris Smalling,0,1
Antonio Valencia,0,0
James Wilson,0,0
Ashley Young,0,1
Rolando Aarons,0,0
Vurnon Anita,0,1
Papiss Cissé,1,0
Jack Colback,0,0
Fabricio Coloccini,0,0
Siem De Jong,0,0
Paul Dummett,0,0
Rob Elliot,0,0
Yoan Gouffran,0,0
Massadio Haidara,0,0
Daryl Janmaat,1,1
Tim Krul,0,0
Jamaal Lascelles,0,0
Kevin Mbabu,0,0
Chancel Mbemba,0,0
Aleksandar Mitrovic,2,0
Gabriel Obertan,0,1
Ayoze Pérez,3,2
Moussa Sissoko,0,4
Steven Taylor,0,0
Florian Thauvin,0,0
Cheick Tioté,0,0
Ivan Toney,0,0
Georginio Wijnaldum,6,2
Ryan Bertrand,0,1
Steven Caulker,0,0
Cedric,0,1
Jordy Clasie,0,0
Kelvin Davis,0,0
Steven Davis,2,0
José Fonte,1,0
Juanmi,0,0
Shane Long,1,0
Sadio Mane,3,4
Cuco Martina,0,0
Graziano Pelle,6,2
Gastón Ramírez,0,1
Jay Rodríguez,0,0
Oriol Romeu,0,0
Maarten Stekelenburg,0,0
Dusan Tadic,3,3
Matt Targett,0,0
Virgil Van Dijk,2,0
Victor Wanyama,0,0
James Ward-Prowse,0,1
Maya Yoshida,0,0
Charlie Adam,0,0
Ibrahim Afellay,0,0
Marko Arnautovic,3,2
Phil Bardsley,0,0
Jack Butland,0,0
Geoff Cameron,0,0
Peter Crouch,0,0
Mame Diouf,3,0
Stephen Ireland,0,1
Glen Johnson,0,2
Joselu,0,0
Bojan Krkic,2,0
Marc Muniesa,0,0
Peter Odemwingie,0,0
Erik Pieters,0,0
Xherdan Shaqiri,0,1
Ryan Shawcross,0,0
Steve Sidwell,0,0
Marco Van Ginkel,0,0
Jonathan Walters,2,1
Glenn Whelan,0,0
Marc Wilson,0,0
Philipp Wollscheid,0,0
Fabio Borini,0,0
Wes Brown,0,0
Lee Cattermole,0,0
Sebastián Coates,0,1
Jermain Defoe,3,0
Steven Fletcher,4,0
Jordi Gómez,0,0
Danny Graham,0,0
Adam Johnson,1,1
Billy Jones,1,0
Younes Kaboul,0,1
Sebastian Larsson,0,0
Jeremain Lens,2,2
Adam Matthews,0,0
Yann M'Vila,1,3
John O'Shea,0,0
Costel Pantilimon,0,0
Jack Rodwell,0,0
Ola Toivonen,0,1
Patrick Van Aanholt,0,1
Duncan Watmore,1,0
DeAndre Yedlin,0,0
André Ayew,5,1
Modou Barrow,0,0
Kyle Bartley,0,0
Leon Britton,0,0
Jack Cork,0,0
Nathan Dyer,0,0
Éder,0,0
Lukasz Fabianski,0,0
Fede Fernández,0,0
Bafetimbi Gomis,4,0
Sung-Yueng Ki,0,0
Jefferson Montero,0,2
Kyle Naughton,0,2
Àngel Rangel,0,0
Wayne Routledge,0,0
Jonjo Shelvey,0,1
Gylfi Sigurdsson,2,1
Neil Taylor,0,0
Ashley Williams,0,0
Toby Alderweireld,1,0
Dele Alli,2,0
Nabil Bentaleb,0,0
Thomas Carroll,0,0
Nacer Chadli,1,1
Ben Davies,0,1
Mousa Dembele,2,0
Eric Dier,2,0
Christian Eriksen,2,3
Harry Kane,6,0
Erik Lamela,2,3
Hugo Lloris,0,0
Ryan Mason,1,0
Clinton N'Jie,0,1
Joshua Onomah,0,0
Alex Pritchard,0,0
Danny Rose,0,2
Heung-Min Son,1,0
Andros Townsend,0,0
Kieran Trippier,0,0
Jan Vertonghen,0,0
Michel Vorm,0,0
Kyle Walker,0,0
Victor Anichebe,0,0
Saido Berahino,3,0
Chris Brunt,0,1
James Chester,0,0
Craig Dawson,1,0
Jonny Evans,0,0
Darren Fletcher,0,0
Cristian Gamboa,0,0
Craig Gardner,0,0
Serge Gnabry,0,0
Rickie Lambert,1,1
Joleon Lescott,0,0
Gareth McAuley,0,0
James McClean,0,1
Callum McManaman,0,1
James Morrison,2,2
Boaz Myhill,0,0
Jonas Olsson,0,0
José Rondón,3,1
Stephane Sessegnon,0,1
Claudio Yacob,0,0
Adrián,0,0
Michail Antonio,0,0
Andy Carroll,1,1
James Collins,0,0
Aaron Cresswell,0,3
Josh Cullen,0,0
Matthew Jarvis,0,0
Nikica Jelavic,0,1
Carl Jenkinson,2,0
Cheikhou Kouyate,3,1
Manuel Lanzini,3,1
Modibo Maiga,1,0
Victor Moses,1,2
Mark Noble,2,1
Kevin Nolan,0,0
Pedro Obiang,0,1
Angelo Ogbonna,0,0
Reece Oxford,0,0
Dimitri Payet,5,3
Darren Randolph,0,0
Winston Reid,0,0
Diafra Sakho,3,0
James Tomkins,0,0
Enner Valencia,0,0
Mauro Zárate,2,0
Aduriz,7,2
Ager Aketxe,0,0
Balenziaga,0,1
Beñat,0,2
Eneko Bóveda,0,0
De Marcos,0,1
Gorka Elustondo,0,0
Eraso,0,1
Etxeita,0,1
Raúl García,3,3
Gurpegi,0,0
Ibai,0,0
Iraizoz,0,0
Ander Iturraspe,0,0
Laporte,1,0
Iñigo Lekue,0,0
Sabin Merino,1,0
Mikel Rico,0,0
San José,0,1
Kike Sola,0,0
Susaeta,2,3
Iñaki Williams,4,1
Yannick Carrasco,2,0
Ángel Correa,1,1
Filipe Luis,0,1
Gabi,1,1
Jesús Gámez,0,0
Raúl García,0,0
José Giménez,0,0
Diego Godín,0,1
Antoine Griezmann,5,2
Juanfran,0,0
Koke,1,1
Jackson Martínez,2,1
Jan Oblak,0,0
Saúl,0,0
Stefan Savic,0,0
Guilherme Siqueira,0,0
Tiago,1,1
Fernando Torres,2,2
Óliver Torres,0,0
Luciano Vietto,1,0
Adriano,0,0
Jordi Alba,0,1
Dani Alves,0,0
Marc Bartra,1,1
Claudio Bravo,0,0
Sergio Busquets,0,1
Douglas,0,0
Munir El Haddadi,0,1
Gerard Gumbau,0,0
Andrés Iniesta,0,0
Javier Mascherano,0,0
Jérémy Mathieu,0,0
Lionel Messi,3,2
Neymar,11,3
Gerard Piqué,0,0
Rafinha,0,0
Ivan Rakitic,0,0
Sandro Ramírez,0,1
Sergi Roberto,0,3
Luis Suárez,9,3
Marc-André Ter Stegen,0,0
Thomas Vermaelen,1,0
Adán,0,1
Bruno,0,0
Rubén Castro,7,2
Dani Ceballos,0,1
Álvaro Cejudo,0,1
Didier Digard,0,0
Joaquín,1,1
Jorge Molina,0,0
Molinero,0,0
Alfred N'Diaye,0,0
Petros,1,0
Germán Pezzella,0,0
Cristiano Piccini,0,0
Portillo,0,0
Vincenzo Rennella,1,0
Fabián Ruiz,0,0
Xavi Torres,0,0
Rafael Van der Vaart,0,0
Ricky Van Wolfswinkel,0,0
Varela,0,1
Juan Manuel Vargas,0,0
Heiko Westermann,1,0
Sergio Álvarez,0,0
Iago Aspas,6,1
Theo Bongonda,0,0
Gustavo Cabral,0,0
Dejan Drazic,0,0
Augusto Fernández,1,1
Andreu Fontàs,1,0
Sergi Gómez,0,0
John Guidetti,1,0
Pablo Hernández,1,1
Jonny,0,2
Levy Madinda,0,0
Hugo Mallo,0,3
Néstor,0,0
Nolito,7,4
Fabián Orellana,3,2
Carles Planas,0,1
Nemanja Radoja,0,1
Rubén,0,0
Daniel Wass,2,2
Arribas,1,0
Álex Bergantiños,0,0
Celso Borges,1,1
Cani,0,0
Fede Cartabia,1,1
Juan Domínguez,0,0
Fayçal Fajr,2,1
Jonás Gutiérrez,0,1
Juanfran,1,2
Laure,0,0
Lopo,0,0
Luis Alberto,2,2
Luisinho,0,0
Germán Lux,0,0
Pedro Mosquera,0,2
Fernando Navarro,0,1
Lucas Pérez,7,1
Oriol Riera,0,0
Jonathan Rodríguez,0,0
Sidnei,0,0
Adrián,2,0
Arruabarrena,1,0
Iñigo Barrenetxea,0,0
Borja Bastón,6,0
Capa,0,0
Mauro Dos Santos,0,1
Eddy,0,0
Ekiza,0,0
Sergi Enrich,2,1
Gonzalo Escalante,1,0
Dani García,0,0
Takashi Inui,0,1
Xabi Irureta,0,0
Juncà,0,1
Keko,0,0
Lillo,0,0
Antonio Luna,0,1
Aleksandar Pantic,0,0
Iván Ramis,0,1
Asier Riesgo,0,0
Saúl,3,3
Simone Verdi,0,0
Abraham,0,0
Víctor Álvarez,1,0
Álvaro,0,1
Anaitz Arbilla,0,0
Marco Asensio,0,4
Burgui,0,0
Felipe Caicedo,4,0
José Alberto Cañas,0,0
Michaël Ciani,0,0
Pape Diop,0,0
Rubén Duarte,0,1
Fuentes,0,0
Joan Jordán,0,0
Javi López,0,0
Pau López,0,0
Paco Montañés,0,0
Gerard Moreno,1,1
Hernán Pérez,2,1
Antonio Raillo,0,0
Rober,0,0
Enzo Roco,2,0
Víctor Sánchez,1,1
Salva Sevilla,1,0
Mamadou Sylla,0,0
Alexis,0,0
Emi Buendía,1,0
Moi Gómez,0,1
Ian González,0,0
Guaita,0,0
Mehdi Lacen,0,0
Lafita,1,1
Roberto Lago,0,1
Álvaro Medrán,0,1
Bernard Mensah,0,0
Noblejas,0,0
Pedro León,0,1
Juan Rodríguez,0,0
Víctor Rodríguez,2,1
Pablo Sarabia,1,1
Stefan Scepovic,3,0
Damián Suárez,0,1
Álvaro Vázquez,2,2
Emiliano Velázquez,1,1
Santiago Vergini,0,0
Carlos Vigaray,0,0
Wanderson,0,0
Uche Agbo,0,0
Jean-Sylvain Babin,2,0
Cristiano Biraghi,0,0
Doria,0,0
Youssef El Arabi,2,1
Andrés Fernández,0,0
Dimitri Foulquier,1,0
Rober Ibáñez,0,1
Rene Krhin,0,0
David Lombán,0,0
Miguel Lopes,0,0
Nico López,0,0
Diego Mainz,0,0
Javi Márquez,0,1
Edgar Méndez,0,0
Rubén Pérez,0,0
Piti,2,2
Fran Rico,1,0
Rubén Rochina,1,0
Salva Ruiz,0,0
Isaac Success,2,1
Thievy,0,0
Víctor Camarasa,2,0
Víctor Casadesús,1,0
Deyverson,2,0
Zouhair Feddal,0,0
Nabil Ghilas,0,1
Jose Mari,0,0
Juanfran,0,0
Jefferson Lerma,0,0
Iván López,0,0
Pedro López,0,0
Roger Martí,0,0
Simao Mate,0,0
José Luis Morales,1,1
David Navarro,0,0
Rubén,0,0
Rubén,0,0
Toño,0,0
Trujillo,0,0
Verza,1,0
Xumetra,0,0
Raúl Albentosa,0,0
Nordin Amrabat,0,0
Marcos Angeleri,0,0
Arthur Boka,0,0
Camacho,0,0
Charles,3,0
Duje Cop,0,0
Sergi Darder,0,0
Duda,0,0
Fábio Espinho,0,0
Pablo Fornals,0,0
Ricardo Horta,0,0
Juan Carlos,1,0
Juanpi,0,0
Carlos Kameni,0,1
Hachim Mastour,0,0
Recio,0,1
Roberto Rosales,0,0
Adnane Tighadouini,1,0
Fernando Tissone,0,0
Miguel Torres,0,0
Weligton,0,0
Antonio Amaya,0,0
Raúl Baena,0,1
Bebé,1,2
Dorado,0,0
Patrick Ebert,0,0
Embarba,1,0
Luis Fariña,0,0
Javi Guerra,8,0
Pablo Hernández,0,1
Jozabed,1,1
Juan Carlos,0,0
Lass,0,0
Diego Llorente,0,0
Manucho,0,0
Miku,0,0
Nacho,0,0
Quini,0,0
Razvan Rat,0,0
Tito,0,0
Toño,0,0
Trashorras,2,1
Zé Castro,0,0
Álvaro Arbeloa,0,0
Gareth Bale,2,4
Karim Benzema,6,0
Dani Carvajal,0,1
Casemiro,0,2
Kiko Casilla,0,0
Denis Cheryshev,0,1
Danilo,1,0
Isco,1,3
Jesé,2,1
Mateo Kovacic,0,0
Toni Kroos,0,3
Marcos Llorente,0,0
Marcelo,2,1
Borja Mayoral,0,0
Luka Modric,0,1
Nacho,0,0
Keylor Navas,0,0
Pepe,0,0
Sergio Ramos,1,0
James Rodríguez,3,1
Cristiano Ronaldo,8,2
Raphael Varane,0,0
Lucas Vázquez,0,3
Agirretxe,8,0
Markel Bergara,0,0
Bruma,0,0
Sergio Canales,0,0
Chory Castro,0,3
Alberto De la Bella,0,1
Aritz Elustondo,0,0
Mikel González,0,0
Esteban Granero,0,0
Asier Illarramendi,1,0
Jonathas,1,0
Carlos Martínez,0,0
Iñigo Martínez,0,0
Oier Olazábal,0,0
Mikel Oyarzabal,0,0
Pardo,0,1
Xabi Prieto,0,1
Diego Reyes,0,0
Gerónimo Rulli,0,0
Carlos Vela,2,0
Yuri,0,1
Joseba Zaldúa,0,0
Zurutuza,0,3
Marco Andreolli,0,0
Éver Banega,2,2
Beto,0,0
Daniel Carriço,0,0
Coke,0,0
Sebastián Cristóforo,0,0
Mariano Ferreira,0,2
Kevin Gameiro,5,1
Iborra,1,1
Ciro Immobile,1,0
Gael Kakuta,0,0
Thimothée Kolodziejczak,0,0
Yevhen Konoplyanka,2,2
Michael Krohn-Dehli,1,1
Grzegorz Krychowiak,0,0
Fernando Llorente,3,1
Steven N'Zonzi,2,0
Adil Rami,0,0
Reyes,0,1
Sergio Rico,0,0
Benoit Trémoulinas,0,1
Vitolo,0,0
Aymen Abdennour,0,0
Paco Alcácer,5,2
Zakaria Bakkali,1,2
Barragán,0,0
Joao Cancelo,0,1
Danilo,0,0
Rodrigo De Paul,0,0
Jaume Domènech,0,0
Sofiane Feghouli,1,0
Javi Fuego,0,0
Gayà,0,0
André Gomes,1,0
Santi Mina,0,1
Shkodran Mustafi,2,0
Álvaro Negredo,1,0
Lucas Orban,0,0
Dani Parejo,4,2
Enzo Pérez,0,0
Pablo Piatti,0,0
Rodrigo,0,0
Mathew Ryan,0,0
Aderllan Santos,0,0
Rubén Vezo,0,0
Adrián,0,1
Alphonse Aréola,0,0
Eric Bailly,0,0
Cédric Bakambu,4,0
Leo Baptistao,2,0
Daniele Bonera,0,0
Bruno,1,0
Samu Castillejo,0,1
Jaume Costa,0,1
Jonathan Dos Santos,0,0
Samuel García,1,1
Bojan Jokic,0,0
Nahuel Leiva,0,0
Mario,2,0
Alfonso Pedraza,0,0
Pina,0,1
Víctor Ruiz,0,0
Antonio Rukavina,0,0
Roberto Soldado,2,4
Denis Suárez,1,1
Manuel Trigueros,1,1
Ignazio Abate,0,0
Alex,0,0
Luca Antonelli,1,0
Carlos Bacca,6,1
Mario Balotelli,1,0
Andrea Bertolacci,1,1
Giacomo Bonaventura,2,5
Davide Calabria,0,0
Alessio Cerci,0,0
Nigel De Jong,0,0
Mattia De Sciglio,0,0
Gianluigi Donnarumma,0,0
Rodrigo Ely,0,0
Keisuke Honda,0,0
Juraj Kucka,0,1
Diego López,0,0
Luiz Adriano,2,1
Philippe Mexès,1,0
Riccardo Montolivo,0,1
Mbaye Niang,0,0
Antonio Nocerino,0,0
Andrea Poli,0,0
Alessio Romagnoli,0,0
Suso,0,0
Cristian Zapata,1,0
Gianpaolo Bellini,0,0
Carlos Carmona,0,0
Nicolo Cherubin,0,0
Luca Cigarini,1,0
Marco D'Alessandro,0,1
Marten De Roon,0,0
Germán Gustavo Denis,1,0
Boukary Drame,0,0
Marcelo Estigarribia,0,0
Luigi Giorgi,0,0
Alejandro Gómez,3,2
Alberto Grassi,0,0
Jasmin Kurtic,0,0
Andrea Masiello,0,0
Giulio Migliaccio,0,0
Gaetano Monachello,0,0
Maximiliano Moralez,1,4
Gabriel Paletta,0,0
Mauricio Pinilla,3,0
Cristian Raimondi,0,0
Marco Sportiello,0,0
Guglielmo Stendardo,1,0
Rafael Toloi,1,0
Valter Birsa,2,3
Albano Bizzarri,0,0
Fabrizio Cacciatore,0,0
Lucas Castro,2,1
Bostjan Cesar,0,0
Dario Dainelli,0,0
Nicolas Frey,0,0
Alessandro Gamberini,0,0
Massimo Gobbi,0,1
Perparim Hetemaj,1,0
Roberto Inglese,1,0
Federico Mattiello,0,1
Riccardo Meggiorini,2,5
Paul-Jose M'Poku,0,0
Alberto Paloschi,4,1
Sergio Pellissier,1,0
Simone Pepe,1,0
Giampiero Pinzi,0,0
Ivan Radovanovic,0,0
Nicola Rigoni,0,0
Federico Barba,0,1
Luca Bittante,0,0
Marcel Buchel,1,0
Andrea Costa,0,0
Daniele Croce,0,1
Assane Diousse,0,0
Rade Krunic,1,0
Vincent Laurini,0,0
Marko Livaja,0,0
Massimo Maccarone,3,1
Raffaele Maiello,0,0
Luca Martinelli,0,0
Levan Mchedlidze,0,0
Leandro Paredes,1,0
Alessandro Piu,0,0
Manuel Pucciarelli,2,2
Ronaldo,0,0
Mario Rui,0,0
Riccardo Saponara,4,4
Franco Signorelli,0,0
Lukasz Skorupski,0,0
Lorenzo Tonelli,0,0
Marco Zambelli,0,0
Piotr Zielinski,1,2
Marcos Alonso,2,2
Davide Astori,0,0
Khouma Babacar,4,0
Milan Badelj,0,0
Federico Bernardeschi,0,1
Jakub Blaszczykowski,1,0
Matías Fernández,0,2
Gilberto,0,0
Josip Ilicic,4,3
Nikola Kalinic,7,1
Luca Lezzerini,0,0
Manuel Pasqual,0,0
Ante Rebic,1,0
Gonzalo Rodríguez,1,0
Facundo Roncaglia,0,0
Giuseppe Rossi,0,1
Mario Suárez,1,0
Ciprian Tatarusanu,0,0
Nenad Tomovic,0,0
Borja Valero Navarro,1,2
Matías Vecino,0,1
Joan Verdú,1,0
Cristian Ansaldi,0,0
Nicolás Burdisso,0,0
Diego Capel,0,0
Issa Cissokho,0,0
Tino Costa,0,0
Sebastian De Maio,0,0
Blerim Dzemaili,1,0
Diogo Figueiras,0,0
Serge Gakpe,3,1
Armando Izzo,0,0
Juraj Kucka,0,0
Eugenio Lamanna,0,0
Diego Laxalt,2,1
Darko Lazovic,0,2
Giovanni Marchese,0,0
Ezequiel Muñoz,0,0
Olivier Ntcham,0,1
Goran Pandev,0,0
Giuseppe Panico,0,0
Leonardo Pavoletti,4,1
Mattia Perin,0,0
Diego Perotti,1,1
Tomás Rincón,0,1
Panagiotis Tachtsidis,1,0
Alex Telles,0,1
Jonathan Biabiany,0,1
Marcelo Brozovic,0,0
Danilo D'Ambrosio,0,0
Assane Gnoukouri,0,0
Fredy Guarín,1,0
Samir Handanovic,0,0
Hernanes,0,0
Mauro Icardi,3,1
Stevan Jovetic,3,1
Juan,0,0
Geoffrey Kondogbia,1,0
Adem Ljajic,0,1
Rey Manaj,0,0
Gary Medel,1,0
Felipe Melo,1,0
Miranda,0,1
Jeison Murillo,0,0
Yuto Nagatomo,0,0
Rodrigo Palacio,0,1
Ivan Perisic,2,0
Andrea Ranocchia,0,0
Davide Santon,0,1
Alex Sandro,0,1
Kwadwo Asamoah,0,0
Andrea Barzagli,0,0
Leonardo Bonucci,0,0
Gianluigi Buffon,0,0
Martín Cáceres,0,0
Giorgio Chiellini,0,0
Kingsley Coman,0,0
Juan Cuadrado,1,4
Paulo Dybala,5,2
Patrice Evra,1,0
Hernanes,0,0
Mauricio Isla,0,0
Sami Khedira,1,0
Mario Lemina,1,0
Stephan Lichtsteiner,0,0
Fernando Llorente,0,0
Mario Mandzukic,2,0
Claudio Marchisio,0,0
Álvaro Morata,1,1
Neto,0,0
Simone Padoin,0,0
Roberto Pereyra,0,1
Paul Pogba,2,1
Stefano Sturaro,0,0
Simone Zaza,1,0
Dusan Basta,0,0
Etrit Berisha,0,0
Lucas Biglia,3,1
Antonio Candreva,0,0
Danilo Cataldi,0,1
Stefan De Vrij,0,0
Filip Djordjevic,2,1
Felipe Anderson,4,1
Santiago Gentiletti,0,0
Wesley Hoedt,0,0
Balde Diao Keita,1,2
Ricardo Kishna,2,0
Miroslav Klose,0,2
Abdoulay Konko,0,0
Senad Lulic,1,2
Federico Marchetti,0,0
Alessandro Matri,2,0
Stefano Mauri,0,0
Mauricio,0,0
Sergej Milinkovic-Savic,0,0
Ravel Morrison,0,0
Ogenyi Onazi,0,0
Marco Parolo,1,0
Patric,0,0
Stefan Radu,0,0
Raúl Albiol,0,0
Allan,3,3
José María Callejón,0,0
Vlad Chiriches,0,0
Omar El Kaddouri,0,0
Manolo Gabbiadini,1,2
Faouzi Ghoulam,0,1
Marek Hamsik,1,2
Gonzalo Higuaín,9,2
Elseid Hysaj,0,0
Lorenzo Insigne,6,3
Jorginho,0,1
Kalidou Koulibaly,0,0
David López,0,0
Christian Maggio,0,0
Dries Mertens,1,1
Pepe Reina,0,0
Mirko Valdifiori,0,0
Sinisa Andelkovic,0,1
Gastón Brugman,0,0
Ivaylo Chochev,0,0
Simone Colombi,0,0
Fabio Daprela,0,0
Uros Djurdjevic,1,0
Abdelhamid El Kaoutari,1,0
Alberto Gilardino,3,1
Edoardo Goldaniga,0,0
Giancarlo González,2,0
Oscar Hiljemark,3,1
Mato Jajalo,0,0
Antonino La Gumina,0,0
Achraf Lazaar,0,1
Enzo Maresca,0,0
Robin Quaison,0,2
Luca Rigoni,1,0
Andrea Rispoli,0,0
Stefano Sorrentino,0,0
Aljaz Struna,0,0
Aleksandar Trajkovski,0,0
Franco Vázquez,1,4
Roberto Vitiello,0,0
Leandro Castán,0,0
Daniele De Rossi,1,0
Morgan De Sanctis,0,0
Lucas Digne,1,2
Edin Dzeko,2,2
Emerson Palmieri,0,0
Iago Falque,1,2
Alessandro Florenzi,2,2
Gervinho,6,1
Norbert Gyomber,0,0
Víctor Ibarbo,0,0
Juan Iturbe,1,0
Seydou Keita,0,0
Adem Ljajic,0,0
Maicon,1,2
Konstantinos Manolas,1,1
Radja Nainggolan,0,1
Miralem Pjanic,5,5
Antonio Rudiger,0,0
Mohamed Salah,5,0
Wojciech Szczesny,0,0
Vasilis Torosidis,0,0
Francesco Totti,1,0
Salih Uçan,0,1
William Vainqueur,0,0
Edgar Barreto,0,1
Federico Bonazzoli,0,0
Carlos Carbonero,0,1
Mattia Cassani,0,1
Antonio Cassano,0,0
Lazaros Christodoulopoulos,0,0
Andrea Coda,0,0
Joaquín Correa,0,1
Lorenzo De Silvestri,0,0
Éder,9,2
Fernando,1,2
David Ivan,0,0
Djamel Mesbah,0,0
Niklas Moisander,0,0
Luis Muriel,4,2
Angelo Palombo,0,0
Pedro Pereira,0,1
Vasco Regini,0,0
Michele Rocca,0,0
Alejandro Rodríguez,0,0
Matías Silvestre,0,0
Roberto Soriano,3,3
Emiliano Viviano,0,0
Pawel Wszolek,0,0
Ervin Zukanovic,1,0
Francesco Acerbi,0,0
Lorenzo Ariaudo,0,0
Domenico Berardi,2,2
Davide Biondini,0,0
Paolo Cannavaro,0,0
Andrea Consigli,0,0
Gregoire Defrel,2,0
Alfred Duncan,0,1
Diego Falcinelli,0,0
Sergio Floccari,1,0
Antonio Floro Flores,3,2
Marcello Gazzola,0,0
Karim Laribi,0,0
Alessandro Longhi,0,0
Francesco Magnanelli,1,1
Simone Missiroli,1,0
Gianluca Pegolo,0,0
Lorenzo Pellegrini,0,0
Federico Peluso,0,0
Matteo Politano,1,1
Nicola Sansone,3,0
Emanuele Terranova,0,0
Sime Vrsaljko,0,0
Afriyie Acquah,1,0
Amauri,0,0
Danilo Avelar,0,2
Daniele Baselli,4,1
Andrea Belotti,0,2
Marco Benassi,1,0
Cesare Bovo,1,0
Bruno Peres,0,2
Alessandro Gazzi,0,0
Kamil Glik,0,0
Pontus Jansson,0,0
Maxi López,2,1
Nikola Maksimovic,0,0
Josef Martínez,0,0
Cristian Molinaro,0,1
Emiliano Moretti,1,0
Joel Obi,0,0
Daniele Padelli,0,0
Sanjin Prcic,0,0
Fabio Quagliarella,4,0
Gastón Silva,0,0
Giuseppe Vives,0,0
Davide Zappacosta,1,0
Ali Adnan,0,0
Rodrigo Aguirre,0,1
Emmanuel Agyemang-Badu,2,0
Danilo,0,0
Antonio Di Natale,1,2
Maurizio Domizzi,0,0
Edenilson,0,0
Felipe,0,1
Bruno Fernandes,0,0
Thomas Heurtaux,0,0
Manuel Iturra,0,0
Orestis Karnezis,0,0
Panagiotis Kone,0,1
Francesco Lodi,1,0
Marquinho,0,0
Alexander Merkel,0,0
Giovanni Pasquale,0,0
Stipe Perica,0,0
Iván Piris,0,0
Cyril Thereau,3,1
Molla Wague,0,0
Silvan Widmer,0,0
Duvan Zapata,3,0
Michelangelo Albertazzi,0,0
Matteo Bianchetti,0,0
Luca Checchin,0,0
Pierluigi Gollini,0,0
Juan Ignacio Gómez,1,0
Leandro Greco,0,0
Emil Hallfredsson,0,1
Filip Helander,1,0
Artur Ionita,1,0
Bosko Jankovic,1,0
Rafael Márquez,0,0
Matuzalem,0,0
Vangelis Moras,0,1
Giampaolo Pazzini,1,0
Eros Pisano,2,0
Rafael,0,0
Romulo,0,0
Jacopo Sala,0,1
Luca Siligardi,0,0
Samuel Souprayen,0,0
Luca Toni,1,0
Federico Viviani,0,2
Pawel Wszolek,0,0
Mattia Zaccagni,0,0
Leonardo Bittencourt,0,2
Yannick Gerhardt,1,0
Jonas Hector,0,2
Dominique Heintz,1,0
Timo Horn,0,0
Philipp Hosiner,1,0
Milos Jojic,0,0
Matthias Lehmann,0,0
Dominic Maroh,2,0
Anthony Modeste,6,2
Kazuki Nagasawa,0,0
Pawel Olkowski,0,0
Yuya Osako,1,0
Marcel Risse,0,2
Frederik Sorensen,0,0
Dusan Svento,0,0
Kevin Vogt,0,2
Simon Zoller,3,1
Nadiem Amiri,0,0
Oliver Baumann,0,0
Ermin Bicakcic,0,0
Pavel Kaderabek,0,0
Jin-Su Kim,0,0
Kevin Kuranyi,0,0
Philipp Ochs,0,0
Eugen Polanski,0,3
Sebastian Rudy,1,0
Fabian Schar,0,0
Jonathan Schmid,3,0
Pirmin Schwegler,0,0
Tobias Strobl,0,0
Niklas Sule,0,0
Adam Szalai,0,0
Jeremy Toljan,1,0
Mark Uth,0,1
Eduardo Vargas,1,2
Kevin Volland,5,1
Steven Zuber,1,0
Karim Bellarabi,2,1
Lars Bender,0,1
Sebastian Boenisch,1,0
Julian Brandt,2,0
Hakan Çalhanoglu,1,1
Giulio Donati,0,1
Benjamin Henrichs,0,0
Chicharito Hernández,4,0
Roberto Hilbert,0,0
Tin Jedvaj,0,0
Kevin Kampl,1,0
Stefan Kiessling,1,0
Christoph Kramer,0,1
Robbie Kruse,0,0
Bernd Leno,0,0
Admir Mehmedi,2,2
Kyriakos Papadopoulos,0,0
André Ramalho,0,0
Heung-Min Son,0,0
Jonathan Tah,0,0
Omer Toprak,0,0
Wendell,0,0
Vladlen Yurchenko,0,0
David Alaba,0,0
Thiago Alcántara,0,2
Xabi Alonso,0,1
Holger Badstuber,0,0
Mehdi Benatia,1,0
Juan Bernat,0,0
Jerome Boateng,0,2
Kingsley Coman,2,2
Dante,0,0
Douglas Costa,2,7
Mario Gotze,1,3
Joshua Kimmich,0,0
Philipp Lahm,0,0
Robert Lewandowski,14,1
Javi Martínez,0,0
Thomas Muller,11,2
Manuel Neuer,0,0
Milos Pantovic,0,0
Rafinha,0,1
Arjen Robben,3,0
Sebastian Rode,1,1
Arturo Vidal,2,1
Pierre-Emerick Aubameyang,14,3
Sven Bender,0,0
Roman Burki,0,0
Gonzalo Castro,0,3
Matthias Ginter,2,5
Ilkay Gundogan,0,1
Jonas Hofmann,1,1
Mats Hummels,1,1
Adnan Januzaj,0,1
Shinji Kagawa,3,6
Kevin Kampl,0,0
Henrikh Mkhitaryan,5,4
Sokratis Papastathopoulos,0,0
Joo-Ho Park,0,0
Lukasz Piszczek,0,0
Adrián Ramos,1,1
Marco Reus,7,1
Marcel Schmelzer,0,1
Neven Subotic,0,0
Julian Weigl,0,0
David Abraham,0,0
Stefan Aigner,0,1
Luc Castaignos,4,1
Timmy Chandler,0,0
Constant Djakpa,0,0
Johannes Flum,0,1
Joel Gerezgiher,0,0
Makoto Hasebe,0,1
Lukas Hradecky,0,0
Aleksandar Ignjovski,0,1
Takashi Inui,0,0
Vaclav Kadlec,0,0
David Kinsombi,0,0
Slobodan Medojevic,0,0
Alexander Meier,5,1
Bastian Oczipka,0,0
Stefan Reinartz,1,1
Marco Russ,1,2
Haris Seferovic,2,3
Marc Stendera,2,0
Luca Waldschmidt,0,1
Carlos Zambrano,0,0
Halil Altintop,0,1
Daniel Baier,0,0
Raúl Bobadilla,2,0
Caiuby,1,2
Jan-Ingwer Callsen-Bracker,0,0
Alexander Esswein,2,0
Markus Feulner,0,0
Marwin Hitz,0,0
Jeong-Ho Hong,0,0
Dong-Won Ji,0,0
Ragnar Klavan,0,0
Dominik Kohr,0,0
Ja-Cheol Koo,2,1
Tim Matavz,0,0
Philipp Max,0,0
Sascha Molders,0,0
Jan Moravek,0,0
Kostas Stafylidis,0,0
Piotr Trochowski,0,0
Paul Verhaegh,5,1
Tobias Werner,0,1
Dennis Aogo,0,0
Kaan Ayhan,0,0
Júnior Caiçara,0,0
Eric-Maxim Choupo-Moting,1,1
Franco Di Santo,0,1
Julian Draxler,1,0
Ralf Fahrmann,0,0
Johannes Geis,0,3
Leon Goretzka,0,1
Marco Hoger,0,0
Pierre-Emile Hojbjerg,0,0
Benedikt Howedes,1,0
Klaas-Jan Huntelaar,4,1
Sead Kolasinac,0,0
Joel Matip,2,1
Max Meyer,1,1
Matija Nastasic,0,0
Román Neustadter,0,0
Felix Platte,0,0
Sascha Riether,0,0
Leroy Sané,4,3
Leon Balogun,0,0
Julian Baumgartlinger,0,0
Stefan Bell,1,2
Pierre Bengtsson,0,0
Daniel Brosinski,0,1
Niko Bungert,0,0
Christian Clemens,1,2
Jhon Córdoba,0,0
Pablo De Blasis,2,2
Fabian Frei,0,0
Jairo,1,2
Gonzalo Jara,0,0
Loris Karius,0,0
Philipp Klement,0,0
Ja-Cheol Koo,0,0
Danny Latza,0,1
Yunus Malli,7,0
Christoph Moritz,0,0
Yoshinori Muto,6,2
Florian Niederlechner,0,0
Joo-Ho Park,0,0
Devante Parker,0,0
Suat Serdar,0,0
René Adler,0,0
Cleber,0,0
Marcelo Díaz,0,0
Dennis Diekmeier,0,0
Johan Djourou,1,0
Jaroslav Drobny,0,1
Albin Ekdal,0,0
Michael Gregoritsch,2,1
Andreas Hirzel,0,0
Lewis Holtby,1,0
Aaron Hunt,0,0
Ivo Ilicevic,1,1
Gideon Jung,0,0
Gojko Kacar,0,0
Pierre-Michel Lasogga,5,1
Nicolai Muller,1,1
Ivica Olic,0,0
Matthias Ostrzolek,0,0
Gotoku Sakai,0,0
Sven Schipplock,0,2
Emir Spahic,0,0
Zoltan Stieber,0,0
Miiko Albornoz,0,0
Leon Andreasen,1,1
Uffe Bech,0,0
Charlison Benschop,1,0
Mevlüt Erdinç,0,1
Felipe,0,0
Ceyhun Gulselam,0,0
Kenan Karaman,1,0
Hiroshi Kiyotake,3,4
Felix Klaus,1,0
Marcelo,0,0
Edgar Prib,0,1
Allan Saint-Maximin,0,0
Hiroki Sakai,0,0
Salif Sane,2,0
Manuel Schmiedebach,0,1
Christian Schulz,0,0
Artur Sobiech,2,0
Oliver Sorg,0,0
Ron-Robert Zieler,0,0
Alexander Baumjohann,1,2
Roy Beerens,0,0
John Brooks,0,0
Tolga Cigerci,0,1
Vladimir Darida,1,1
Genki Haraguchi,1,1
Jens Hegeler,0,0
Vedad Ibisevic,4,0
Rune Jarstein,0,0
Salomon Kalou,7,0
Thomas Kraft,0,0
Sebastian Langkamp,0,1
Fabian Lustenberger,1,0
Peter Pekarik,0,0
Marvin Plattenhardt,0,1
Yanni Regasel,0,0
Ronny,0,0
Nico Schulz,0,0
Per Skjelbred,0,0
Niklas Stark,0,0
Valentin Stocker,1,0
Johannes Van den Bergh,0,0
Mitchell Weiser,1,3
Roel Brouwers,0,0
Andreas Christensen,0,0
Mahmoud Dahoud,2,1
Álvaro Domínguez,0,0
Josip Drmic,0,0
Nico Elvedi,0,0
Andre Hahn,2,0
Thorgan Hazard,0,1
Patrick Herrmann,1,0
Branimir Hrgota,0,0
Tony Jantschke,0,0
Fabian Johnson,1,1
Julian Korb,1,0
Havard Nordtveit,2,1
Raffael,5,6
Marvin Schulz,0,1
Nico Schulz,0,0
Tobias Sippel,0,0
Yann Sommer,0,0
Lars Stindl,3,2
Martin Stranzl,0,0
Ibrahima Traoré,1,0
Oscar Wendt,1,1
Granit Xhaka,3,0
Timo Baumgartl,0,0
Daniel Didavi,4,3
Serey Die,0,1
Arianit Ferati,0,1
Christian Gentner,1,1
Daniel Ginczek,3,1
Carlos Gruezo,0,0
Martin Harnik,1,0
Philip Heise,0,0
Adam Hlousek,0,0
Emiliano Insua,0,0
Florian Klein,0,1
Jan Kliment,1,0
Filip Kostic,0,0
Robbie Kruse,0,0
Alexandru Maxim,1,1
Mart Ristl,0,0
Lukas Rupp,1,1
Daniel Schwaab,0,0
Toni Sunjic,1,0
Przemyslaw Tyton,0,0
Odisseas Vlachodimos,0,0
Timo Werner,3,2
Maximilian Arnold,0,0
Diego Benaglio,0,0
Nicklas Bendtner,2,0
Daniel Caligiuri,2,2
Koen Casteels,0,0
Dante,0,0
Kevin De Bruyne,0,0
Bas Dost,6,1
Julian Draxler,1,3
Josuha Guilavogui,0,0
Aaron Hunt,0,0
Sebastian Jung,0,0
Timm Klose,1,0
Max Kruse,3,2
Luiz Gustavo,0,1
Naldo,0,0
Ivan Perisic,1,0
Ricardo Rodríguez,1,1
Marcel Schafer,0,0
André Schurrle,0,1
Christian Trasch,0,1
Vieirinha,0,1
Philipp Bargfrede,0,0
Fin Bartels,2,1
Maximilian Eggestein,0,0
Clemens Fritz,0,0
Lukas Frode,0,0
Alejandro Gálvez,0,0
Ulisses Garcia,0,1
Santiago García,0,2
Theodor Gebre Selassie,0,1
Florian Grillitsch,0,1
Marcel Hilssner,0,0
Aron Johannsson,2,0
Zlatko Junuzovic,2,2
Félix Kroos,0,0
Melvyn Lorenzen,0,0
Assani Lukimya,0,0
Levin Oztunali,0,0
Claudio Pizarro,1,1
Janek Sternberg,0,0
Anthony Ujah,5,1
Jannik Vestergaard,1,0
Felix Wiedwald,0,0
Luca-Milan Zander,0,0
Jean-Kevin Augustin,0,0
Serge Aurier,1,1
Edinson Cavani,7,2
David Luiz,0,0
Ángel Di María,4,3
Zlatan Ibrahimovic,9,4
Layvin Kurzawa,1,0
Ezequiel Lavezzi,2,0
Lucas Moura,3,1
Marquinhos,0,0
Blaise Matuidi,2,2
Maxwell,0,1
Javier Pastore,1,3
Adrien Rabiot,0,0
Salvatore Sirigu,0,0
Benjamin Stambouli,0,0
Thiago Motta,0,1
Thiago Silva,1,0
Kevin Trapp,0,0
Gregory Van der Wiel,0,1
Marco Verratti,0,2
Claudio Beauvue,4,2
Henri Bedimo,0,0
Milan Bisevac,0,0
Maxwel Cornet,1,0
Sergi Darder,1,0
Nabil Fekir,4,1
Jordan Ferri,0,1
Rachid Ghezzal,0,2
Maxime Gonalons,0,0
Christophe Jallet,0,0
Aldo Kalulu,1,0
Alexandre Lacazette,5,0
Anthony Lopes,0,0
Steed Malbranque,0,1
Jérémy Morel,0,0
Arnold Mvuemba,0,0
Rafael,1,0
Lindsay Rose,0,0
Corentin Tolisso,1,2
Samuel Umtiti,0,0
Mathieu Valbuena,1,2
Mapou Yanga-Mbiwa,0,0